year,college_graduate,college_level,elementary_graduate,elementary_level,high_school_graduate,high_school_level,no_formal_education,non-formal_education,not_reported_/_no_response,not_of_schooling_age,post_graduate,post_graduate_level,vocational_graduate,vocational_level,14 - Below,15 - 19,20 - 24,25 - 29,30 - 34,35 - 39,40 - 44,45 - 49,50 - 54,55 - 59,60 - 64,65 - 69,70 - Above,administrative_workers,clerical_workers,"equipment_operators,_&_laborers",housewives,members_of_the_armed_forces,minors_(below_7_years_old),no_occupation_reported,out_of_school_youth,"prof'l,_tech'l,_&_related_workers",refugees,retirees,sales_workers,service_workers,students,workers_&_fishermen,albania,andorra,angola,anguilla,antigua_and_barbuda,argentina,armenia,aruba,australia,austria,bahamas,bahrain,bangladesh,barbados,belgium,bermuda,bolivia,bosnia_and_herzegovina,brazil,british_virgin_islands,brunei_darussalam,bulgaria,cameroon,canada,cayman_islands,channel_island,chile,china_(p.r.o.c.),cocos_(keeling)_island,colombia,costa_rica,croatia,cyprus,czech_republic,democratic_kampuchea,democratic_republic_of_the_congo_(zaire),denmark,dominican_republic,ecuador,egypt,estonia,ethiopia,falkland_islands_(malvinas),faroe_islands,fiji,finland,france,french_polynesia,gabon,georgia,germany,ghana,gibraltar,greece,greenland,hongkong,hungary,iceland,india,indonesia,iran,iraq,ireland,isle_of_man,israel,italy,japan,jordan,kazakhstan,kenya,kiribati,kuwait,latvia,lebanon,leichtenstein,lesotho,liberia,libya,lithuania,luxembourg,macau,macedonia,malaysia,maldives,malta,marshall_islands,mauritius,mexico,midway_island,moldova,monaco,morocco,mozambique,myanmar_(burma),namibia,nepal,netherlands,netherlands_antilles,new_caledonia,new_zealand,nigeria,norway,oman,pacific_islands,pakistan,palau,panama,papua_new_guinea,peru,poland,portugal,puerto_rico,qatar,reunion,romania,russian_federation_/_ussr,saint_lucia,san_marino,saudi_arabia,senegal,seychelles,singapore,sint_maarten,slovak_republic,slovenia,solomon_islands,south_africa,south_korea,spain,sri_lanka,sudan,sweden,switzerland,syria,taiwan_(roc),thailand,trinidad_and_tobago,tunisia,turkey,turks_and_caicos_islands,uganda,ukraine,united_arab_emirates,united_kingdom,united_republic_of_tanzania,united_states_of_america,uruguay,uzbekistan,vanuatu,venezuela,vietnam,wake_island,yemen,yugoslavia_(serbia_&_montenegro),zambia,male,female,single,married,widower,separated,divorced,not_reported
1981,0,0,0,0,0,0,0,0,0,0,0,0,0,0,9588,4712,5846,5919,4048,2445,1799,1543,2142,2955,3068,2653,2149,451,2475,1780,11202,858,3625,5204,0,4821,0,1718,1628,2381,10486,2238,0,0,0,0,0,0,0,0,2752,0,0,0,1,0,4,0,0,0,4,0,0,0,0,5226,0,0,0,3,0,0,0,0,0,0,0,0,5,0,0,0,0,0,0,0,0,2,16,0,0,0,45,0,0,1,0,19,0,0,0,1,1,0,1,0,0,4,254,0,0,0,0,0,0,0,0,0,0,0,0,0,0,0,1,0,0,0,0,7,0,0,0,0,0,0,0,0,8,0,0,12,2,11,0,0,1,0,0,5,0,0,1,8,0,0,0,0,0,0,2,0,0,9,0,0,0,0,0,14,8,3,0,7,10,0,18,0,0,0,0,0,0,0,5,88,0,40307,0,0,0,1,0,0,0,0,0,20350,28517,0,0,0,0,0,0
1982,0,0,0,0,0,0,0,0,0,0,0,0,0,0,9100,4650,5956,6643,5357,3488,2760,2145,2402,2985,3223,2630,2614,360,3992,2758,12469,504,4419,5540,0,5509,0,2056,1865,2213,10374,1894,0,0,0,0,0,0,0,0,2931,6,0,0,0,0,13,0,0,0,0,0,2,0,0,4898,0,0,0,3,0,0,1,0,0,0,0,0,18,0,0,0,0,0,0,0,0,2,26,0,0,0,263,0,0,1,0,45,0,1,0,10,0,0,1,0,0,8,310,0,0,0,0,0,0,0,0,0,0,0,0,1,0,0,5,0,0,0,0,1,0,0,0,0,0,0,0,0,21,0,1,25,2,25,0,0,5,0,0,1,2,0,1,16,0,0,0,0,0,0,5,0,0,38,0,0,0,0,0,7,35,1,0,30,18,0,30,19,0,0,0,0,1,0,3,682,0,44438,0,0,0,1,0,0,0,0,0,21752,32201,0,0,0,0,0,0
1983,0,0,0,0,0,0,0,0,0,0,0,0,0,0,8433,4498,5164,5323,3659,2409,1678,1437,1679,2364,2461,1737,1639,324,2796,1951,9025,96,3826,4620,0,3928,0,1327,1414,1614,9773,1787,0,0,0,0,0,1,0,0,2608,4,0,1,0,0,15,0,0,0,0,0,0,0,0,3946,0,0,1,6,0,0,0,0,0,0,0,0,15,0,0,1,0,0,0,0,0,4,27,0,0,0,282,0,0,1,0,51,0,2,0,3,0,0,0,0,1,11,140,3,0,0,0,1,0,1,0,0,1,1,0,0,0,0,4,0,0,0,0,0,0,0,1,0,0,0,0,0,22,0,0,41,0,46,0,0,0,0,0,7,0,0,2,0,0,0,0,0,0,0,11,0,0,16,0,0,0,2,0,2,18,0,0,20,16,0,0,4,0,0,0,0,0,0,2,346,0,34794,0,0,0,0,0,0,0,0,0,17816,24665,0,0,0,0,0,0
1984,0,0,0,0,0,0,0,0,0,0,0,0,0,0,8199,4359,5035,5348,3956,2695,1703,1586,1601,2007,2109,1497,1456,320,3131,1992,8730,57,3919,5841,0,3791,0,1022,1326,1075,8872,1475,0,0,0,0,0,0,0,0,2915,10,0,1,1,0,20,0,0,0,0,0,4,0,0,2463,0,0,0,0,0,0,0,0,0,0,0,0,23,0,0,0,0,0,0,0,0,1,29,0,0,0,346,0,0,0,0,110,0,0,1,12,1,3,0,0,1,19,137,4,0,0,0,4,0,0,0,0,1,1,0,0,2,0,10,0,0,0,0,0,0,0,0,0,0,0,0,0,17,0,0,55,4,74,0,0,0,0,0,14,0,0,0,1,0,0,0,0,0,0,14,0,0,29,0,0,0,0,0,6,57,0,0,47,26,0,27,7,0,0,0,0,0,0,7,364,0,34682,0,0,0,1,0,0,0,0,0,16970,24581,0,0,0,0,0,0
1985,0,0,0,0,0,0,0,0,0,0,0,0,0,0,9154,4822,5196,5489,4264,2845,1665,1613,1800,2344,2458,1809,1810,366,2972,1848,9247,36,4348,7566,0,3869,0,1103,1819,1037,9575,1483,0,0,0,0,0,0,0,0,3458,4,0,4,0,0,23,0,0,0,0,0,2,0,0,2097,0,0,0,0,0,0,0,0,0,0,0,0,13,0,0,0,0,0,0,0,0,0,34,0,0,0,213,0,0,1,0,17,0,0,0,3,2,0,0,0,0,10,126,0,0,0,0,3,0,0,0,0,0,0,0,0,0,0,7,0,0,0,0,0,0,0,0,0,0,0,0,0,22,0,0,52,0,110,1,0,0,0,0,4,0,1,0,5,1,0,0,0,0,0,10,0,0,30,0,0,0,3,0,6,34,0,0,20,4,0,11,5,0,0,0,0,0,0,4,276,0,38653,0,0,0,0,0,0,0,0,0,18409,26860,0,0,0,0,0,0
1986,0,0,0,0,0,0,0,0,0,0,0,0,0,0,10524,5520,5512,5809,4836,3179,1855,1590,1840,2339,2576,1867,1891,369,3394,1822,8695,32,4750,8755,0,4147,0,1399,2109,1038,11439,1389,0,0,0,0,0,0,0,0,4374,4,0,0,0,0,18,0,0,0,0,0,0,0,0,3206,0,0,0,0,0,0,0,0,0,0,0,0,5,0,0,0,0,0,0,0,0,0,27,0,0,0,88,0,0,0,0,5,0,0,0,0,0,0,0,0,0,4,53,0,0,0,0,1,0,0,0,0,0,0,0,0,0,0,2,0,0,0,0,0,0,0,0,0,0,0,0,0,15,0,0,37,0,95,0,0,0,0,0,3,0,0,0,10,0,0,0,0,0,0,2,0,0,12,0,0,0,0,1,0,11,0,0,34,16,0,3,0,0,0,0,0,0,0,4,658,0,40650,0,0,0,0,0,0,0,0,0,20408,28930,0,0,0,0,0,0
1987,0,0,0,0,0,0,0,0,0,0,0,0,0,0,12407,5941,5733,6946,6359,4069,2334,1742,1943,2436,2554,1990,1896,420,4605,1754,9315,73,5382,9998,0,4899,0,1691,2825,874,13409,1105,0,0,0,0,0,0,0,0,8983,4,0,1,0,0,8,0,0,0,0,0,0,0,0,5757,0,0,0,0,0,0,0,0,0,0,0,0,11,0,0,0,0,0,0,0,0,2,35,0,0,0,58,0,0,0,0,2,0,0,0,2,0,0,0,0,0,9,6,0,0,0,0,0,0,0,0,0,0,0,0,0,0,0,0,0,0,0,0,0,0,0,0,0,0,0,0,0,15,0,0,45,0,84,0,0,0,0,0,3,0,0,0,4,0,0,0,0,0,0,0,0,0,0,0,0,0,0,0,0,28,0,0,30,12,0,0,0,0,0,0,0,0,0,2,436,0,40813,0,0,0,0,0,0,0,0,0,23921,32429,0,0,0,0,0,0
1988,15614,8451,3012,8847,5724,7291,459,0,0,5514,327,527,1415,839,13271,6237,5440,6899,6561,4379,2770,1981,1970,2384,2389,1848,1867,678,2157,2281,9720,315,5683,8769,132,7689,1,1417,2184,956,14811,1227,0,0,0,0,0,0,0,0,9319,4,0,0,0,0,8,0,0,0,0,0,2,0,0,6602,0,0,0,0,1,0,0,0,1,0,0,0,17,0,0,0,0,0,0,0,0,0,37,0,0,0,83,0,0,3,0,6,0,0,0,1,0,0,1,0,0,32,62,0,0,0,0,0,0,0,0,0,0,0,0,3,2,0,0,0,0,0,0,0,1,0,0,0,0,0,0,0,14,0,0,11,1,53,0,0,0,0,1,1,0,0,0,7,0,0,0,0,0,0,9,0,0,5,0,0,0,0,0,1,56,2,0,25,7,0,1,1,0,0,0,0,0,0,5,256,0,41378,0,0,0,1,0,0,0,0,0,24625,33395,31989,23530,2133,134,143,91
1989,14776,8533,2721,7899,5625,6967,1254,0,5,4792,380,544,1433,816,12207,5620,5735,7076,6731,4265,2746,1897,1973,2095,2022,1602,1762,480,1681,2236,9929,309,5114,9407,222,6861,1,1716,2251,1028,13429,1081,0,0,0,0,0,0,0,0,5943,15,0,1,0,0,20,0,0,0,0,0,1,0,0,8040,2,0,0,0,0,0,0,0,0,0,0,0,10,0,0,0,0,0,0,0,1,0,36,0,0,0,135,0,0,3,0,22,0,0,2,0,0,0,3,0,1,109,1271,0,0,0,0,1,0,2,0,0,1,0,0,1,1,0,2,0,0,0,0,0,0,0,1,0,0,0,0,0,28,2,0,55,0,63,0,1,1,0,0,0,0,0,0,0,0,0,0,0,0,0,5,0,0,1,0,0,0,0,0,4,120,0,0,35,16,0,5,2,0,0,0,0,0,0,11,248,0,39524,0,0,0,0,0,0,0,0,0,22807,32938,30338,23203,1858,98,143,105
1990,16396,9848,3241,8370,6854,8198,1208,0,0,4999,415,647,1858,1115,12053,5954,7582,8810,7546,4503,3018,2006,2308,2542,2601,2042,2176,430,1807,2476,11520,285,5051,12684,213,7858,0,1855,2715,1331,13641,1283,0,0,0,0,1,0,0,0,5847,18,0,9,3,0,56,0,0,0,0,0,5,0,0,8400,1,0,0,2,0,0,0,0,2,0,1,0,56,0,0,2,0,1,0,0,0,12,39,0,1,0,334,0,0,7,0,24,0,2,5,0,0,1,4,1,23,160,3569,0,0,0,1,4,0,1,1,0,0,0,0,1,0,0,5,0,0,0,0,0,1,0,1,0,0,1,0,0,47,0,0,50,1,69,2,0,0,0,0,0,0,0,0,2,1,0,0,1,0,0,13,0,1,1,0,0,0,0,1,4,94,0,0,59,54,0,25,12,0,1,0,0,0,0,35,291,0,43781,0,0,0,0,0,1,1,0,0,25400,37749,33477,27005,2299,127,194,47
1991,15835,9724,3572,8070,7525,8017,1028,0,16,4342,450,595,2066,1224,11634,6235,7813,8579,6855,4242,2942,2083,2260,2534,2867,2207,2212,461,1928,3113,12248,285,4783,9656,270,7635,1,2107,2878,1965,13722,1412,0,0,0,0,0,1,0,0,5715,11,0,13,0,0,48,1,0,0,1,0,1,0,0,7211,1,0,0,7,0,0,0,0,3,0,0,0,76,0,0,0,0,0,0,0,0,4,41,0,0,0,522,0,0,3,0,23,0,2,4,6,1,0,4,0,4,130,3946,23,0,0,0,4,0,3,0,0,0,3,0,1,6,0,17,0,0,0,0,2,0,0,0,0,0,0,0,0,53,0,2,91,1,65,1,0,0,0,0,4,0,0,0,0,2,0,0,0,0,0,16,0,0,0,0,0,0,0,0,14,57,2,1,71,61,0,34,5,1,0,2,0,0,0,32,286,0,43824,0,0,1,0,0,0,0,0,0,24719,37745,31989,27559,2517,186,192,21
1992,15690,10037,3144,8766,7627,8650,677,0,0,4729,494,482,2662,1196,12708,7347,8014,8375,6908,4608,3027,2156,2210,2477,2501,1967,1856,548,1789,2507,15076,159,4913,8303,325,7299,0,1948,3031,1755,15324,1177,0,0,0,0,0,1,0,0,4104,17,0,7,2,0,66,0,0,0,0,0,1,0,0,7454,0,0,0,3,0,1,0,0,13,0,0,0,130,0,0,2,0,0,0,0,1,3,36,0,0,0,593,0,0,9,0,28,0,0,2,2,0,0,7,0,6,105,4048,21,0,0,0,14,0,0,0,0,0,0,0,2,17,0,10,0,0,3,1,0,0,0,0,0,0,0,0,0,51,0,1,128,1,52,3,0,3,1,1,0,0,0,1,0,3,0,0,0,0,0,21,0,0,4,0,0,0,0,0,14,77,0,0,56,58,0,30,6,0,0,0,0,0,0,38,205,0,46691,0,0,0,0,0,0,0,0,0,25128,39026,33759,27976,2123,131,159,6
1993,16133,10064,3304,9375,8139,8713,670,0,68,4361,726,841,2766,1230,13119,7141,7563,8332,6967,4878,3373,2361,2406,2759,2996,2294,2201,823,2079,2906,15850,84,4642,7370,201,7225,0,2236,2116,1724,17725,1409,0,0,1,0,0,0,0,0,3083,24,0,7,0,0,80,1,0,0,1,0,1,0,0,11627,0,0,0,4,0,0,1,0,4,0,0,0,129,0,0,4,0,0,0,0,1,4,50,0,0,0,780,0,0,13,0,22,0,0,4,0,0,0,5,0,0,123,4527,12,0,0,0,5,0,3,0,0,1,1,0,1,14,0,18,0,0,0,0,1,0,0,2,2,0,0,0,2,39,1,0,237,2,61,0,0,5,2,0,4,0,0,0,0,1,0,0,0,0,0,23,0,0,2,0,0,0,0,0,25,108,2,0,88,55,0,77,3,0,0,1,0,0,0,34,159,0,44903,0,0,0,0,0,0,0,0,0,26211,40179,33589,29987,2432,148,234,0
1994,15810,9841,3356,8727,8147,8447,647,0,91,4330,720,795,2498,1122,12462,6904,6707,8376,6911,4783,3164,2477,2347,2909,3079,2457,1955,800,2153,2616,14800,67,4315,7802,3,6369,0,2241,2681,2436,16954,1294,0,0,0,0,0,0,0,0,3224,18,0,0,0,0,61,0,0,0,1,0,2,0,0,14302,0,0,0,6,0,0,0,0,4,0,0,0,96,0,0,1,0,0,0,0,0,0,39,0,0,0,784,0,0,5,3,7,0,0,4,1,0,0,1,0,2,99,4225,11,0,0,0,7,0,1,0,0,0,0,0,1,7,0,19,0,0,0,0,0,0,0,1,0,0,0,0,0,31,0,2,287,0,54,2,0,9,1,0,5,0,0,1,0,0,0,0,0,0,0,12,0,0,2,0,0,0,0,0,18,86,0,0,154,49,1,168,2,0,0,0,0,0,0,26,174,0,40515,0,0,0,0,0,0,0,0,0,26180,38351,32760,28911,2491,149,220,0
1995,13439,8843,2579,7433,7302,7546,427,0,129,4081,555,708,2132,1068,11372,6158,5826,7987,6463,3923,2715,2197,2012,2420,2222,1591,1356,613,2270,2407,12863,48,4216,7199,6,5416,0,1670,2524,1230,14760,1020,0,0,0,0,0,0,0,0,2966,10,0,4,1,0,82,1,0,0,0,0,1,0,0,11288,0,0,0,4,0,0,0,0,4,0,0,0,83,0,0,4,0,0,0,0,0,4,43,0,0,0,661,0,0,16,0,4,0,0,7,5,0,0,3,0,0,71,4883,11,0,0,0,18,0,0,0,0,0,2,0,0,4,0,35,0,0,5,0,0,0,0,1,0,0,0,0,0,58,0,1,579,1,47,4,0,9,0,0,4,0,0,1,0,2,0,0,0,0,0,18,0,0,0,0,0,0,0,0,31,68,1,0,109,47,0,243,1,0,0,0,0,0,0,27,151,0,34614,0,0,0,0,2,0,1,2,0,22550,33692,29663,24439,1818,158,163,1
1996,13877,9996,2868,8265,7891,8546,453,0,0,4204,739,757,2263,1054,12162,7507,5977,7359,5999,4107,3161,2866,2566,2928,2672,1971,1638,635,1600,2721,14549,41,4342,6701,2,6315,0,2069,2704,1026,17019,1189,0,0,0,0,0,0,0,0,2002,22,1,3,0,0,95,0,0,0,0,1,2,0,0,10050,0,1,0,1,0,0,0,0,4,1,0,0,76,0,0,1,0,0,0,0,0,4,41,0,0,0,542,0,0,10,0,1,0,0,4,0,1,2,1,0,1,72,4510,3,0,0,0,12,0,3,0,0,0,0,0,0,0,0,61,0,1,0,0,0,0,0,1,0,0,1,0,0,62,0,1,1005,0,69,0,0,4,1,0,4,0,0,0,0,1,0,0,0,0,0,21,0,0,1,0,0,0,0,1,237,40,4,0,82,48,0,310,6,0,0,0,0,0,0,23,150,0,41312,0,0,0,0,0,0,0,0,0,24446,36467,29747,28399,2393,182,192,0
1997,12803,8991,2614,7209,6873,7517,413,0,0,3443,641,734,1907,914,10172,6444,5190,6542,5192,3527,2714,2737,2607,2885,2664,1861,1524,687,1646,2204,13377,32,3523,5798,0,5522,0,1897,2695,1103,14572,1003,0,0,0,0,0,0,0,0,2124,30,0,1,0,0,116,0,0,0,0,0,1,0,0,8215,0,0,0,0,0,0,0,0,6,1,0,0,68,0,0,2,0,0,0,0,0,6,44,0,0,0,566,0,1,6,0,4,0,0,3,2,1,0,2,1,0,50,4171,0,0,0,0,10,0,0,0,0,0,0,0,0,0,0,56,0,1,0,0,0,0,0,0,0,0,0,0,0,51,0,0,405,1,127,2,0,15,0,0,0,0,0,1,0,0,0,0,3,0,0,17,0,0,2,0,0,0,0,3,277,25,0,0,93,34,0,285,4,0,0,0,0,0,0,29,195,0,37002,0,0,0,0,0,0,0,0,0,20936,33123,24990,26287,2341,172,269,0
1998,9212,6607,1833,4730,5589,5231,234,0,4,2457,410,483,1556,663,7208,4692,4283,5022,4202,2816,1990,1780,1707,1654,1506,1139,1010,621,1357,1487,9545,18,2497,4828,0,3425,0,1326,1862,752,10552,739,0,0,0,0,0,0,0,0,2189,35,0,3,2,0,108,0,0,0,1,0,0,0,0,5651,0,0,0,0,0,0,0,0,2,0,0,0,51,0,0,0,0,0,0,0,0,11,42,0,0,0,560,0,0,2,0,12,0,1,2,0,0,0,3,2,1,96,3810,20,0,0,0,5,0,2,0,0,0,0,0,0,1,0,28,0,0,0,0,0,0,0,0,0,0,2,0,0,64,0,1,253,2,171,1,0,2,0,0,2,0,0,2,1,1,0,1,0,0,0,15,0,0,0,0,0,0,0,0,256,39,0,5,139,27,0,272,3,0,0,1,0,0,0,30,193,0,24886,0,0,0,0,0,0,0,0,0,14629,24380,18569,18795,1415,103,127,0
1999,9992,6859,1835,4802,5634,5256,318,0,0,2476,379,463,1804,689,7288,4678,4849,5513,4531,2989,1907,1654,1633,1576,1596,1219,1074,740,1339,1545,10146,357,2594,5041,0,2521,0,1706,1793,1129,10903,693,0,0,0,0,0,1,0,0,2597,37,0,6,0,0,140,0,0,0,0,0,0,0,0,6712,1,0,0,1,0,0,0,0,1,0,0,0,72,0,0,3,0,0,0,0,0,3,60,0,0,0,550,1,0,2,0,2,0,1,2,0,0,0,2,0,1,125,4219,0,0,0,0,0,0,1,0,0,0,1,0,1,1,0,18,0,0,0,0,1,0,0,0,0,0,0,0,0,86,0,0,186,0,159,2,0,1,0,0,2,0,1,0,0,1,0,1,0,0,0,16,0,0,0,0,0,0,0,4,422,345,3,0,93,41,0,212,2,0,0,3,0,0,0,17,225,0,24123,0,0,0,0,0,0,0,0,0,14657,25850,19451,19081,1661,135,179,0
2000,13619,8069,1864,6308,6398,6475,331,23,9,3175,518,1088,2300,854,9132,5194,5123,7056,6434,4527,2971,2201,2052,1891,1824,1478,1136,791,1625,2025,11000,73,3286,6921,163,6154,0,1898,2324,964,12908,899,0,0,0,0,0,0,0,0,2298,35,0,0,0,0,136,0,0,0,0,0,1,0,0,8245,0,0,0,0,0,0,0,0,1,0,0,0,51,0,0,3,0,0,0,0,0,8,65,0,0,0,552,0,0,1,0,0,0,2,0,0,2,0,12,0,0,371,6468,0,0,0,0,1,0,2,0,0,0,0,0,1,1,0,11,0,0,0,0,0,0,0,0,0,0,0,0,0,99,0,0,261,0,170,0,0,0,0,0,0,0,1,1,0,0,0,0,0,0,0,4,0,0,0,0,0,0,0,2,110,336,0,0,133,27,0,102,2,0,0,0,0,0,0,18,174,0,31324,0,0,0,0,0,0,0,0,0,19907,31124,25438,23583,1657,154,179,20
2001,14785,7566,2136,6393,6065,6205,428,56,37,3820,730,963,2126,744,10091,5070,5432,6877,6665,4381,2726,1809,1874,1787,2277,1499,1566,932,1480,1695,11561,139,4060,5617,371,6932,0,2288,2291,992,12731,965,0,0,0,0,0,0,0,0,1965,39,0,0,0,0,120,1,0,0,0,0,0,0,0,9737,0,0,0,0,0,0,0,0,0,0,0,0,44,0,0,0,0,0,0,0,0,5,60,0,0,0,507,0,0,0,0,0,0,0,0,0,0,0,7,0,0,823,6021,0,0,0,0,2,0,0,0,0,0,0,0,2,0,0,1,0,0,0,0,0,0,0,0,0,0,0,0,0,128,0,0,284,0,153,0,0,3,0,0,0,0,0,0,0,0,0,0,0,0,0,5,0,0,0,0,0,0,0,0,62,411,0,0,123,16,3,48,0,0,0,0,0,0,0,21,176,0,31287,0,0,0,0,0,0,0,0,0,20313,31741,24721,24959,1916,233,219,6
2002,17424,8181,2283,6938,6378,6731,581,153,48,4191,793,791,2383,845,11970,5503,5568,7806,7238,4650,3136,2402,2052,1918,2006,1783,1683,890,1377,1762,12138,358,4796,6732,655,8294,0,2207,2830,1046,13656,979,0,0,0,0,0,0,0,0,2603,86,0,0,0,0,161,0,0,0,0,0,0,0,0,8795,0,0,0,0,0,0,0,0,0,0,0,0,14,0,0,1,0,0,0,0,0,17,88,0,0,0,518,0,0,3,0,0,0,5,3,1,0,0,48,0,0,982,5734,0,0,0,0,0,0,0,0,0,0,0,0,3,0,0,1,0,0,0,0,1,0,0,0,0,0,0,0,0,184,0,0,624,0,162,0,0,0,0,0,1,0,0,0,0,0,0,0,0,0,0,1,0,0,0,0,0,0,0,0,55,451,0,0,257,35,0,52,0,0,0,0,0,0,0,6,271,0,36557,0,0,0,0,0,0,0,0,0,22329,35391,28118,27100,2015,179,306,2
2003,16354,8340,2107,6344,5986,6193,240,143,21,4373,954,1090,2175,817,12017,5107,5483,6822,7023,4430,3045,2431,2172,1981,1814,1489,1323,928,1333,1759,11418,217,4688,6865,376,7574,0,1936,2886,1139,13098,920,0,0,0,0,0,0,0,0,2223,94,0,2,0,0,125,0,0,0,1,0,0,0,0,9521,1,0,0,0,0,0,0,0,0,0,0,0,16,0,0,0,0,0,0,0,0,20,69,0,0,0,445,0,0,2,0,0,0,2,0,0,0,0,51,0,4,662,5929,0,0,0,0,1,0,0,0,0,0,0,0,2,0,0,0,0,0,0,0,0,0,0,0,0,0,0,1,0,209,0,0,382,0,223,0,0,0,0,0,0,0,0,0,0,0,0,0,0,0,0,1,0,0,0,0,0,0,0,0,77,586,0,0,246,51,0,39,0,0,0,1,0,0,0,10,225,0,33916,0,0,0,0,0,0,0,0,0,22233,32904,26687,26233,1804,172,239,2
2004,18936,9817,2191,7659,6937,7225,182,198,36,5541,1294,1339,2560,1009,13793,6048,6499,7748,8298,5337,3630,2843,2510,2472,2154,1825,1767,770,1450,2198,12014,57,5880,9108,677,9540,0,2378,3426,1338,14990,1098,0,0,0,0,0,0,0,0,2647,163,0,1,0,0,109,0,0,0,0,0,0,0,0,10108,0,0,0,0,0,0,0,2,0,1,0,0,17,0,0,0,0,0,0,0,0,22,60,0,0,0,393,0,0,0,0,0,0,28,1,0,3,0,55,1,0,859,5993,0,0,0,0,0,0,0,0,0,0,0,0,3,0,0,2,0,0,0,0,0,0,0,0,0,0,0,0,0,171,0,0,131,0,214,2,0,1,0,0,0,0,0,0,0,0,0,1,0,0,0,0,0,0,0,0,0,0,0,1,289,579,0,0,264,80,0,45,0,0,0,2,0,0,0,17,309,0,42350,0,0,0,0,0,0,0,0,0,26141,38783,32870,29577,1946,208,323,0
2005,20561,10357,2212,8461,7438,7569,126,293,42,5363,1567,1354,2737,948,15057,6404,7122,8309,8508,6093,4116,3126,2455,2392,2074,1732,1640,1025,1454,1821,13477,116,5672,10466,550,9095,0,2325,3358,1850,16931,888,0,0,0,0,0,0,0,1,3027,181,0,0,0,0,141,0,0,0,2,0,0,0,0,13598,0,0,0,0,0,0,0,1,0,0,0,0,27,0,0,0,0,0,0,0,0,24,62,1,0,0,367,0,0,1,0,0,0,20,0,0,0,0,111,0,8,1250,7062,0,0,0,0,0,0,0,0,0,0,0,0,6,0,0,1,0,1,0,0,0,0,0,0,0,0,0,0,0,191,0,0,394,0,182,1,0,1,0,0,0,0,0,2,0,0,0,0,0,0,0,1,0,0,3,0,0,1,0,0,480,685,0,0,252,106,0,71,0,0,0,0,0,0,0,8,478,0,40280,0,0,0,0,0,0,0,0,0,27333,41695,34346,32056,2035,239,347,5
2006,24911,12489,2496,10278,9176,8905,147,303,11,6374,1747,1659,3370,1101,17919,7169,9267,10524,10383,7521,4734,3390,2701,2618,2351,2090,2300,1449,1945,2260,17701,310,6692,10447,178,12526,0,3152,3564,1192,20465,1086,0,0,0,0,0,0,0,0,3735,94,0,1,0,0,134,0,0,0,0,0,0,1,0,13230,0,0,0,0,0,0,0,1,1,1,0,0,30,0,0,0,0,0,0,0,0,30,86,0,0,0,457,0,0,2,0,0,0,25,1,0,0,0,154,0,0,954,9742,0,0,0,0,1,0,1,0,0,0,0,0,3,0,0,1,0,0,0,0,0,0,0,0,0,0,0,0,0,136,0,0,1973,0,252,0,0,0,0,0,0,0,0,4,0,0,0,1,0,0,0,3,0,0,0,0,0,1,0,3,281,898,0,0,347,100,0,187,0,0,0,1,0,0,0,17,556,0,49522,0,0,0,0,0,0,0,0,0,32259,50708,40505,39007,2616,303,536,0
2007,21759,13328,2698,10372,9361,9493,157,297,9,5445,1534,1215,3774,1157,17011,8036,8484,9404,8233,6669,4792,3443,2844,3013,3163,2699,2808,1708,2153,2374,17677,289,5820,11182,307,7816,0,4310,3576,1035,21151,1201,0,0,0,0,0,0,0,0,3467,158,0,0,0,0,102,0,0,0,0,0,0,0,0,14572,0,0,0,0,0,0,0,0,0,1,0,0,36,0,0,0,0,0,0,0,0,40,118,0,0,0,424,0,0,1,0,0,2,33,4,1,0,0,110,0,1,1490,8806,0,0,0,0,2,0,0,0,0,0,0,0,3,0,0,1,0,0,0,0,2,0,0,0,0,0,0,0,0,120,0,0,1639,0,330,0,0,0,0,0,0,0,1,5,0,1,0,0,0,0,0,0,0,0,0,0,0,0,0,1,576,933,0,0,374,96,1,62,0,0,0,3,0,0,0,9,654,0,46420,0,0,0,0,0,0,0,0,0,30877,49722,40200,36128,3295,318,656,2
2008,19264,11852,2314,8907,8251,8216,105,31,16,4842,1564,1100,3368,970,15420,7516,7443,8019,7084,5826,4337,3266,2718,2615,2708,1918,1861,1553,1979,2188,14396,226,4954,10753,299,7072,0,3322,3037,1188,18885,948,0,0,0,0,0,0,0,0,3657,163,0,0,0,0,153,1,0,0,0,0,0,0,0,16443,0,0,0,0,0,0,0,3,0,1,0,0,45,0,0,0,0,0,1,0,0,44,130,0,0,0,489,0,0,4,0,0,0,29,1,0,0,0,121,0,0,2405,7682,0,0,0,0,1,0,1,0,0,0,2,0,0,0,0,0,0,1,0,0,0,0,0,0,0,0,0,0,0,198,0,1,1252,1,257,0,0,0,0,0,1,0,0,4,0,0,0,7,0,0,0,1,0,0,2,0,0,1,0,0,1482,907,0,0,379,84,0,81,0,0,0,1,0,0,1,10,552,0,34201,0,0,0,0,0,0,0,0,0,27839,42961,35250,32390,2341,264,538,17
2009,21794,13668,2395,9986,8702,9218,92,46,92,5813,1476,1071,4092,1273,17706,8246,7907,8423,8022,6544,4938,3666,3128,3273,3163,2304,2340,2001,2451,2801,15283,247,5831,13113,380,6849,0,3821,3227,1600,20897,1217,0,0,0,0,0,0,0,1,3850,140,0,0,0,0,123,0,0,0,0,0,0,2,0,19967,0,0,0,0,0,0,0,2,3,1,0,0,49,1,0,0,0,0,0,0,0,47,119,1,0,0,518,0,0,0,0,1,0,10,4,0,0,0,61,0,1,2734,5278,0,0,0,0,2,0,0,1,0,0,0,0,3,0,0,0,0,3,0,0,2,0,0,0,0,0,0,0,0,225,0,1,1725,0,302,0,0,2,0,0,0,0,5,5,0,0,0,4,0,0,0,3,0,0,1,0,0,1,0,1,1458,970,1,0,461,150,0,228,0,0,0,0,0,0,0,7,646,0,40598,0,0,0,0,0,0,0,0,0,31793,47925,41119,34700,2874,347,581,97
2010,24834,14365,2194,10969,8299,9428,83,17,96,7061,1586,1188,4534,1421,20864,8683,8388,8218,9179,7682,5754,4337,3433,3005,2803,1803,1822,2603,2596,2889,14036,389,7162,15602,457,7932,0,3315,2950,1688,23145,1311,0,0,0,0,0,0,0,1,3062,106,0,1,2,0,126,0,0,0,0,1,1,0,0,27302,0,0,0,0,0,0,0,1,1,0,0,0,41,0,0,2,0,0,0,0,0,64,135,0,0,0,510,0,0,4,1,1,1,19,4,0,0,0,76,0,0,3319,3766,0,0,0,0,0,0,1,1,0,0,0,0,1,0,0,2,0,0,0,0,2,0,0,0,0,0,0,0,0,211,0,0,1114,0,345,0,0,0,0,0,2,0,1,13,0,1,0,4,0,0,0,0,0,0,0,0,0,0,0,3,1565,693,0,0,416,131,0,189,0,0,0,1,0,0,0,8,817,0,42007,0,0,0,0,0,0,0,0,0,36287,49788,47143,35564,2359,380,609,20
2011,24193,13809,2152,10359,8401,9260,64,13,113,6658,1484,1010,4531,1363,19891,8346,8365,8629,8952,7352,5657,4015,3136,2785,2711,1843,1713,2176,2207,2936,13918,327,6770,15589,573,8181,0,3020,2880,1899,21796,1138,0,0,0,0,0,0,0,0,3957,118,0,0,0,0,131,0,0,0,0,0,0,0,0,26203,0,0,0,1,0,0,3,1,0,1,0,0,41,0,0,0,0,0,0,0,0,87,159,1,0,0,590,0,0,1,4,0,2,25,10,0,0,0,68,0,0,3632,3965,0,0,0,0,0,0,0,0,0,0,0,0,1,0,0,1,0,0,0,0,3,0,0,0,0,0,0,0,0,268,0,0,1185,1,462,0,0,0,0,0,1,0,1,12,0,0,0,1,1,0,0,0,0,0,0,0,0,5,0,2,1618,871,0,0,401,167,1,193,0,0,0,3,0,0,0,0,749,0,38463,0,0,0,0,0,0,0,0,0,34563,48847,44825,35214,2439,338,579,15
2012,24183,14169,2424,10089,8707,9303,61,4,97,6174,1644,1063,4308,1414,18887,8493,8898,8847,8867,7095,5274,3749,2961,2976,3160,2263,2170,1954,1947,2562,13647,175,6172,17695,381,7841,0,3854,2786,2161,21507,958,0,0,0,0,0,0,0,0,4259,103,0,0,0,0,179,0,0,1,0,0,1,2,0,24354,0,0,0,3,0,0,0,0,0,2,0,0,34,0,0,0,0,0,0,0,0,103,172,0,0,0,553,0,0,6,0,0,0,27,9,0,0,0,115,0,0,3818,4759,0,1,0,0,0,0,0,1,0,0,0,0,0,0,0,0,0,4,0,0,3,0,0,0,0,0,0,0,0,234,0,1,1170,1,452,0,0,1,0,0,1,0,0,6,0,0,0,7,0,0,0,0,0,0,2,0,1,0,0,3,1632,808,0,1,448,198,0,158,0,2,0,0,0,0,0,0,881,0,39124,0,0,0,0,0,0,0,0,0,34076,49564,43908,35776,2866,401,675,14
2013,22841,13472,2066,9129,8444,8779,69,8,178,5661,1328,943,4062,1248,17170,8309,8029,8060,8546,6677,4990,3342,2979,3159,2804,2184,1978,2195,1915,2162,13086,128,5659,17250,739,6499,0,3435,2129,2333,19792,906,0,1,1,0,0,1,0,0,4748,104,0,0,0,0,171,0,0,0,0,0,0,6,0,19041,1,0,0,4,0,0,0,1,2,2,0,0,45,0,0,0,0,0,0,0,0,66,161,0,0,0,609,0,0,4,0,0,2,34,22,0,0,0,139,3,0,4526,4554,0,0,0,0,0,1,0,0,0,0,0,0,2,0,2,1,0,7,0,0,2,0,0,0,0,0,0,0,0,263,0,0,888,0,370,0,0,0,0,0,1,0,1,18,0,0,0,4,0,0,0,0,0,0,0,0,0,4,0,2,1419,868,1,0,315,199,0,143,0,0,0,3,0,0,0,0,829,0,38637,0,0,0,0,0,0,0,0,0,31288,46940,41388,33164,2639,368,623,46
2014,24266,13913,1980,9225,8422,8665,95,0,147,5842,1330,931,4468,1405,18014,8401,8396,8790,9284,7323,5159,3534,3081,2870,2496,1786,1555,1905,1954,2290,13423,149,5849,18499,435,6507,0,3105,2495,2522,20698,858,3,1,0,0,0,0,0,0,4467,88,0,0,0,0,186,0,0,0,2,0,0,3,0,22479,0,0,2,10,0,0,0,0,0,0,0,0,55,0,0,1,0,0,1,1,0,112,211,0,0,0,578,0,0,3,0,0,3,9,13,0,0,0,130,0,0,3275,4341,0,0,0,0,0,0,0,0,0,0,0,1,3,0,0,1,0,11,0,0,3,0,0,0,0,0,0,0,0,316,0,1,974,0,507,0,0,1,0,0,0,0,1,4,0,0,0,5,0,0,0,0,0,0,0,0,2,7,0,4,982,834,0,0,333,160,0,182,0,0,0,4,1,0,0,1,783,0,39594,0,0,0,0,0,0,0,0,0,32368,48321,45280,32062,2307,345,657,38
2015,27520,16699,2399,11272,9473,10722,37,6,165,6162,1472,954,4530,1587,21581,11102,8902,9178,10238,8700,5901,4248,3291,3182,2710,2061,1902,1789,1925,2708,13723,285,6159,21592,473,7504,0,3576,2807,2639,26667,1151,0,0,0,0,0,0,0,0,4860,81,0,0,0,0,143,0,0,0,1,0,0,1,0,33700,1,0,1,5,0,0,0,0,1,1,0,0,46,0,0,0,0,0,0,0,0,67,159,0,0,0,651,0,0,4,0,0,2,18,25,0,0,0,161,1,0,2452,4387,0,0,0,0,0,0,0,1,3,0,0,0,1,0,0,1,0,10,0,0,5,0,0,0,0,0,0,0,0,319,0,0,1197,0,426,0,0,2,0,0,0,0,6,18,0,0,0,9,0,0,0,0,0,0,0,0,4,1,0,1,700,1005,0,0,287,194,0,277,0,0,0,13,0,0,0,0,936,0,40814,0,0,0,0,0,0,0,0,0,40079,52919,52957,36238,2671,350,754,28
2016,27162,15911,2131,10943,8912,10705,26,0,97,5999,1358,689,4154,1267,20430,10500,8127,9134,10579,8821,5795,4204,3215,2717,2345,1809,1677,1554,1878,2494,13357,214,5788,21374,1466,6781,0,2895,3018,2754,24749,1032,0,1,0,0,0,3,0,0,4819,64,0,0,0,0,184,0,0,0,2,0,0,2,0,29039,1,0,3,9,0,0,0,0,0,1,0,0,52,0,1,1,2,0,0,0,0,66,206,0,0,0,613,0,0,2,2,0,0,21,15,0,0,0,128,0,0,2451,4313,0,0,0,0,0,0,0,0,0,0,0,1,0,0,0,0,1,22,0,0,5,0,0,0,0,0,0,2,0,336,0,0,1512,2,546,0,0,0,0,0,0,0,5,11,0,0,0,9,1,0,0,0,0,0,0,0,1,1,0,4,694,966,0,0,331,189,0,237,0,0,0,48,0,0,1,1,1129,0,41298,0,0,0,0,0,0,0,0,0,37036,52318,50236,35592,2436,305,703,82
2017,24063,12994,1861,9876,7893,11060,116,26,143,5239,1116,587,3614,1191,18741,9319,7216,7957,9690,8179,5364,3597,2739,2399,1871,1393,1309,1258,1453,2342,11400,190,4555,20001,564,5074,0,2322,2287,3501,23912,920,0,0,0,0,0,0,0,0,3993,84,0,2,0,0,170,0,0,0,1,0,0,6,0,27376,0,0,4,5,0,0,0,1,2,0,0,0,36,0,0,1,0,0,0,0,0,46,154,0,0,0,616,0,0,2,0,0,4,16,31,0,0,0,102,0,0,2241,4129,0,0,0,0,0,0,0,1,2,0,0,0,3,0,0,0,0,8,0,0,6,0,0,0,0,0,0,0,0,377,0,0,1236,0,497,1,0,1,0,0,0,0,9,3,0,0,0,11,0,0,0,0,0,0,0,0,1,5,0,3,616,920,1,0,452,137,0,444,0,0,0,50,0,0,1,1,1015,0,34956,0,0,0,0,0,0,0,0,0,33741,46038,46211,30646,1813,329,658,122
2018,23203,11089,1739,8235,8079,10222,125,113,195,4690,1097,586,3271,1075,15820,8233,6673,7809,9276,7223,4827,3346,2639,2530,2172,1585,1516,1211,1370,1819,11310,220,4258,19096,443,5029,0,2536,2383,2892,20363,789,1,2,0,1,0,2,0,0,2937,100,0,0,0,0,135,1,0,0,0,0,0,15,0,23014,0,0,7,6,0,0,0,3,0,2,0,1,70,0,0,0,0,0,0,2,0,45,181,0,0,0,687,0,0,4,1,0,1,25,23,0,0,0,145,0,0,1459,3962,0,0,0,0,0,0,0,0,0,0,0,1,2,0,1,0,1,4,0,1,3,0,0,0,0,0,0,0,0,418,1,0,617,0,499,0,0,0,0,0,0,0,15,6,0,0,0,16,0,0,0,0,0,0,0,0,2,0,0,0,687,694,0,0,337,156,0,467,0,0,0,94,0,0,1,0,1025,0,35839,0,0,0,0,0,0,0,0,0,30390,43329,40668,30069,1998,277,614,93
2019,21875,9300,1464,6821,7620,8257,110,70,151,4120,1015,521,2826,1014,13323,6454,5791,7592,9108,6790,4428,2949,2278,2071,1757,1384,1233,1249,1385,1597,9326,259,3687,16921,515,5209,0,2736,2366,2921,16403,590,0,0,0,0,0,0,0,0,2468,87,1,0,2,0,179,0,1,2,1,0,0,17,0,18190,0,0,21,10,0,1,0,2,0,8,0,1,61,0,0,1,2,0,0,0,0,81,251,0,0,0,730,0,0,3,0,0,11,11,26,0,0,0,99,0,0,774,3862,0,0,0,0,0,0,0,1,0,0,0,1,1,0,1,1,0,5,0,0,3,0,0,0,0,0,0,0,0,402,0,1,1178,0,421,0,0,0,0,0,0,0,10,3,0,0,0,12,0,0,0,0,0,0,0,0,6,10,0,2,653,546,0,0,247,153,0,465,0,0,0,89,0,0,0,1,1345,0,32698,1,0,0,0,0,0,0,5,0,25165,39999,36804,25563,1799,261,680,57
2020,5311,2383,256,1589,1900,1949,17,57,25,950,258,110,664,234,3109,1512,1394,2180,2360,1741,1110,602,446,425,337,261,217,282,356,405,2918,54,848,3618,126,1240,0,592,498,664,3966,136,0,0,0,0,0,0,0,0,777,30,0,0,0,0,58,0,0,0,0,0,0,2,0,4579,0,0,2,0,0,0,0,1,0,1,0,0,16,0,0,0,1,0,0,0,0,31,71,0,0,0,304,0,0,0,0,0,6,3,6,0,0,0,16,0,0,232,1100,0,0,0,0,0,1,0,2,0,0,0,0,0,0,0,0,0,2,0,0,0,0,0,0,0,0,0,0,0,208,0,0,477,0,88,0,0,0,0,0,0,0,3,4,0,0,0,2,0,0,2,0,0,0,0,0,1,6,0,0,219,162,0,0,80,68,0,133,0,0,0,25,0,0,1,1,442,0,6539,0,0,0,0,0,0,0,1,0,5928,9775,8513,6607,349,70,118,46
2021,5534,2299,361,1639,2069,2186,12,39,91,1236,249,107,575,108,3675,2028,1754,2006,2534,1805,996,586,355,291,217,139,116,261,251,246,2298,31,1219,4361,79,1588,0,279,488,335,4959,110,0,0,0,0,0,0,1,0,901,45,0,0,0,0,61,0,0,0,1,0,0,0,0,4470,0,0,0,0,0,0,0,0,0,2,0,0,12,0,0,1,0,0,0,0,0,21,77,0,0,0,312,0,0,1,0,0,5,3,5,0,1,0,39,0,0,255,1588,0,0,0,0,0,0,0,1,0,0,0,0,1,0,1,0,0,0,0,0,3,0,0,0,0,0,0,0,0,182,0,0,191,0,88,0,0,1,0,0,0,0,12,1,0,0,1,6,0,0,0,0,0,0,0,0,2,5,0,1,192,143,0,0,139,76,0,44,0,0,0,14,0,0,0,2,473,0,7122,0,0,0,0,0,0,0,3,0,6357,10148,9312,6991,151,28,19,4
2022,14906,5850,635,3583,5067,4436,43,756,142,2522,689,341,1416,398,7661,3456,3486,4835,6612,5357,3189,1837,1279,1006,786,563,489,859,779,1506,5369,127,2420,9911,163,5817,0,1168,1404,1105,9772,384,1,0,0,0,0,2,5,0,2164,82,4,5,6,1,95,0,0,2,10,0,1,20,1,7195,0,0,1,112,0,3,20,20,4,22,8,0,82,0,2,17,4,0,0,0,1,62,165,0,0,3,525,0,0,6,0,5,16,26,128,28,1,0,63,1,23,386,2071,3,0,2,0,1,4,2,0,0,0,0,3,1,0,7,64,28,10,0,2,3,0,1,0,4,1,0,1,5,331,0,0,5579,5,255,3,0,9,0,0,0,3,45,9,0,1,0,39,15,1,0,8,1,1,69,1,7,9,0,13,343,269,7,0,215,133,0,210,207,0,0,40,0,1,2,81,734,1,18560,2,1,0,0,24,0,0,8,1,15045,25739,22982,15848,769,233,271,681
